id,path
tile01_0,graphics/mapeditor/tile/0_Tile01_0.png
tile01_1,graphics/mapeditor/tile/0_Tile01_1.png
tile01_2,graphics/mapeditor/tile/0_Tile01_2.png
tile01_3,graphics/mapeditor/tile/0_Tile01_3.png
tile01_4,graphics/mapeditor/tile/0_Tile01_4.png
tile01_5,graphics/mapeditor/tile/0_Tile01_5.png
tile01_6,graphics/mapeditor/tile/0_Tile01_6.png
tile01_7,graphics/mapeditor/tile/0_Tile01_7.png
tile01_8,graphics/mapeditor/tile/0_Tile01_8.png
tile01_9,graphics/mapeditor/tile/0_Tile01_9.png
tile01_10,graphics/mapeditor/tile/0_Tile01_10.png
tile01_11,graphics/mapeditor/tile/0_Tile01_11.png
tile01_12,graphics/mapeditor/tile/0_Tile01_12.png
tile01_13,graphics/mapeditor/tile/0_Tile01_13.png
tile01_14,graphics/mapeditor/tile/0_Tile01_14.png
tile01_15,graphics/mapeditor/tile/0_Tile01_15.png
tile01_16,graphics/mapeditor/tile/0_Tile01_16.png
tile01_17,graphics/mapeditor/tile/0_Tile01_17.png
tile01_18,graphics/mapeditor/tile/0_Tile01_18.png
tile01_19,graphics/mapeditor/tile/0_Tile01_19.png
tile01_20,graphics/mapeditor/tile/0_Tile01_20.png
tile01_21,graphics/mapeditor/tile/0_Tile01_21.png
tile01_22,graphics/mapeditor/tile/0_Tile01_22.png
tile01_23,graphics/mapeditor/tile/0_Tile01_23.png
tile01_24,graphics/mapeditor/tile/0_Tile01_24.png
tile01_25,graphics/mapeditor/tile/0_Tile01_25.png
tile01_26,graphics/mapeditor/tile/0_Tile01_26.png
tile01_27,graphics/mapeditor/tile/0_Tile01_27.png
tile01_28,graphics/mapeditor/tile/0_Tile01_28.png
tile01_29,graphics/mapeditor/tile/0_Tile01_29.png
tile01_30,graphics/mapeditor/tile/0_Tile01_30.png
tile01_31,graphics/mapeditor/tile/0_Tile01_31.png
tile01_32,graphics/mapeditor/tile/0_Tile01_32.png
tile01_33,graphics/mapeditor/tile/0_Tile01_33.png
tile01_34,graphics/mapeditor/tile/0_Tile01_34.png
tile01_35,graphics/mapeditor/tile/0_Tile01_35.png
